epoch,train_loss,val_loss,val_acc,epoch_time_s,gpu_mem_mb,lr,train_acc
0,1.115964,0.774727,0.910914,4.12,558.9,0.01,0.748923
1,0.622026,0.717299,0.919055,3.48,579.3,0.01,0.860986
2,0.592282,0.70021,0.931476,3.67,580.2,0.01,0.871421
3,0.568736,0.737481,0.913894,3.6,631.7,0.01,0.874641
4,0.612983,0.78825,0.917335,3.56,672.4,0.01,0.862433
5,0.5911,0.719379,0.894927,3.41,696.8,0.01,0.87146
6,0.579514,0.74096,0.889598,3.51,555.4,0.01,0.870196
7,0.598118,0.714951,0.903781,3.03,599.3,0.01,0.866031
8,0.570862,0.706023,0.928958,3.35,579.1,0.005,0.872894
9,0.508734,0.604254,0.932063,3.01,588.7,0.005,0.890237
10,0.487933,0.580296,0.930343,3.24,603.7,0.005,0.891045
11,0.488351,0.58893,0.937812,3.35,563.2,0.005,0.891515
12,0.490038,0.604974,0.929923,3.33,587.0,0.005,0.89145
13,0.487407,0.606532,0.928706,3.29,567.2,0.005,0.891997
14,0.496855,0.643906,0.921027,3.41,580.4,0.005,0.888562
15,0.50706,0.628914,0.920482,3.44,657.0,0.005,0.888478
16,0.488683,0.590334,0.934665,3.49,559.1,0.0025,0.89201
17,0.441453,0.544207,0.937141,3.16,567.2,0.0025,0.900646
18,0.434376,0.560951,0.934581,3.38,587.0,0.0025,0.901734
19,0.440965,0.545509,0.936218,3.48,540.7,0.0025,0.900392
20,0.441685,0.551309,0.936889,2.94,611.4,0.0025,0.899675
21,0.438511,0.554646,0.932944,3.27,692.6,0.0025,0.899838
22,0.432767,0.549101,0.93391,3.45,567.2,0.0025,0.901767
23,0.436163,0.552241,0.936301,3.31,552.5,0.00125,0.900965
24,0.403958,0.511702,0.939742,3.51,599.6,0.00125,0.906531
25,0.401725,0.5148,0.936763,3.29,600.6,0.00125,0.906564
26,0.397364,0.524863,0.938022,3.51,551.1,0.00125,0.908232
27,0.397612,0.509797,0.939407,3.35,668.4,0.00125,0.907731
28,0.397659,0.506869,0.940078,3.41,627.6,0.00125,0.907418
29,0.397792,0.513655,0.937225,3.31,621.6,0.00125,0.907014
30,0.398064,0.522895,0.932986,3.47,584.6,0.00125,0.908428
31,0.393399,0.523244,0.938903,3.33,613.4,0.00125,0.908389
32,0.393579,0.51922,0.940624,3.3,601.3,0.00125,0.908565
33,0.391499,0.517481,0.937812,3.46,579.6,0.00125,0.908988
34,0.408066,0.546008,0.934623,3.32,596.3,0.000625,0.90558
35,0.377013,0.492574,0.941463,3.45,633.2,0.000625,0.911973
36,0.366238,0.519287,0.9397,3.51,599.3,0.000625,0.913446
37,0.363921,0.492966,0.939868,3.35,579.1,0.000625,0.914053
38,0.361647,0.48911,0.941127,3.36,623.6,0.000625,0.914111
39,0.365975,0.503423,0.939449,3.66,579.1,0.000625,0.912834
40,0.363445,0.504661,0.938358,3.24,583.0,0.000625,0.914111
41,0.362408,0.501616,0.941295,3.35,717.2,0.000625,0.91357
42,0.362286,0.501615,0.940875,3.39,633.6,0.000625,0.91432
43,0.360203,0.509911,0.940749,3.36,583.0,0.000625,0.913844
44,0.361159,0.49825,0.941547,3.22,591.6,0.0003125,0.913837
45,0.351415,0.487892,0.940959,3.24,652.1,0.0003125,0.915728
46,0.344028,0.478568,0.941547,3.28,621.1,0.0003125,0.917533
47,0.344695,0.482679,0.941505,3.35,623.6,0.0003125,0.916523
48,0.344077,0.480064,0.941043,3.25,619.4,0.0003125,0.91677
49,0.33969,0.490329,0.941127,3.49,555.5,0.0003125,0.9181
